chemical_id	conf_score	disease_id	in_gold	pmid	score_vote_max	sentence_ids	uniq_ids	unit_ids
D011802	0.586471355165	D056486	1	48362.0	3	48362_0	bcv_easy_1155	769153162
C012282	0.0	D006528	0	85485.0	0	85485_2	bcv_easy_382	769152389
C012282	0.0	D009369	0	85485.0	0	85485_2	bcv_easy_381	769152388
D001556	1.0	D006528	1	85485.0	5	85485_0|85485_1	bcv_easy_378|bcv_easy_379	769152385|769152386
D001556	0.807093947582	D017093	0	85485.0	4	85485_1	bcv_easy_380	769152387
D003276	1.0	D008113	1	188339.0	5	188339_0|188339_2	bcv_easy_421|bcv_easy_424	769152428|769152431
D013256	0.798508030753	D008113	0	188339.0	4	188339_1	bcv_easy_423	769152430
D013999	0.418118979337	D007008	0	326460.0	2	326460_0|326460_1	bcv_easy_393|bcv_easy_394	769152400|769152401
D004977	1.0	D009901	1	384871.0	5	384871_0	bcv_easy_570	769152577
D004977	1.0	D064420	0	384871.0	5	384871_5	bcv_easy_571	769152578
D007538	1.0	D009901	1	384871.0	5	384871_0	bcv_easy_569	769152576
D010672	1.0	D002526	1	430165.0	5	430165_1	bcv_easy_592	769152599
D010672	1.0	D010291	1	430165.0	5	430165_0|430165_3	bcv_easy_591|bcv_easy_595	769152598|769152602
D010672	0.0	D062787	1	430165.0	0	430165_1|430165_3	bcv_easy_593|bcv_easy_594	769152600|769152601
C037689	0.205666747046	D004409	0	458486.0	1	458486_1	bcv_easy_107	769152114
C037689	0.0	D010300	0	458486.0	0	458486_1	bcv_easy_103	769152110
D004298	0.182483744478	D004409	0	458486.0	1	458486_4	bcv_easy_112	769152119
D007980	1.0	D004421	0	458486.0	5	458486_3	bcv_easy_110	769152117
D007980	0.207689289918	D010300	0	458486.0	1	458486_1	bcv_easy_109	769152116
D008787	0.0	D004409	0	458486.0	0	458486_1	bcv_easy_104	769152111
D008787	0.0	D010300	0	458486.0	0	458486_1	bcv_easy_105	769152112
D063325	0.585705265203	D004409	0	458486.0	3	458486_0|458486_1	bcv_easy_102|bcv_easy_108	769152109|769152115
D063325	0.0	D010300	0	458486.0	0	458486_1	bcv_easy_106	769152113
D002119	0.796993634481	D053040	1	625456.0	4	625456_1	bcv_easy_48	769152055
D017693	1.0	D006934	1	625456.0	5	625456_1	bcv_easy_49	769152056
D017693	1.0	D053040	1	625456.0	5	625456_1	bcv_easy_51	769152058
C027278	0.612671503484	D064420	0	663266.0	3	663266_1	bcv_easy_275	769152282
D003973	1.0	D014693	0	663266.0	5	663266_0	bcv_easy_274	769152281
D003974	1.0	D014693	0	663266.0	5	663266_3	bcv_easy_276	769152283
D000641	0.584872599839	D003128	0	761833.0	3	761833_0|761833_1|761833_4|761833_5|761833_6	bcv_easy_456|bcv_easy_458|bcv_easy_462|bcv_easy_464|bcv_easy_467	769152463|769152465|769152469|769152471|769152474
D000643	1.0	D003128	1	761833.0	5	761833_1	bcv_easy_457	769152464
D004298	0.0	D003128	0	761833.0	0	761833_6	bcv_easy_465	769152472
D007980	0.213294320654	D001927	0	761833.0	1	761833_7	bcv_easy_468	769152475
D007980	0.20756370008	D003128	0	761833.0	1	761833_0|761833_2|761833_5|761833_6	bcv_easy_455|bcv_easy_460|bcv_easy_463|bcv_easy_466	769152462|769152467|769152470|769152473
D064751	0.385719489982	D003128	0	761833.0	2	761833_2	bcv_easy_459	769152466
D013390	0.805967876989	D001049	1	871943.0	4	871943_0|871943_1|871943_6	bcv_easy_206|bcv_easy_207|bcv_easy_208	769152213|769152214|769152215
D012293	0.801470036751	D051437	0	982002.0	4	982002_2	bcv_easy_336	769152343
D012293	1.0	D058186	1	982002.0	5	982002_0	bcv_easy_335	769152342
C014282	1.0	D001919	1	1355091.0	5	1355091_14|1355091_15	bcv_easy_1077|bcv_easy_1079	769153084|769153086
C056299	0.798832323627	D001919	1	1355091.0	4	1355091_14|1355091_16	bcv_easy_1074|bcv_easy_1081	769153081|769153088
D009638	0.806019158602	D001919	1	1355091.0	4	1355091_14|1355091_17	bcv_easy_1076|bcv_easy_1083	769153083|769153090
D011224	0.601503182759	D001919	0	1355091.0	3	1355091_14|1355091_16|1355091_17	bcv_easy_1075|bcv_easy_1080|bcv_easy_1082	769153082|769153087|769153089
D011224	0.0	D006973	0	1355091.0	0	1355091_2	bcv_easy_1070	769153077
D011224	0.597016061506	D007024	1	1355091.0	3	1355091_0|1355091_7|1355091_11	bcv_easy_1069|bcv_easy_1072|bcv_easy_1073	769153076|769153079|769153080
D015016	0.0	D007024	0	1355091.0	0	1355091_7	bcv_easy_1071	769153078
D007741	0.380122145916	D004342	1	1504402.0	2	1504402_0	bcv_easy_1210	769153217
C534628	0.8074954686	D002375	1	1687392.0	4	1687392_6|1687392_8	bcv_easy_860|bcv_easy_861	769152867|769152868
D004298	1.0	D002375	0	1687392.0	5	1687392_0|1687392_2|1687392_4|1687392_10	bcv_easy_855|bcv_easy_856|bcv_easy_859|bcv_easy_866	769152862|769152863|769152866|769152873
D005476	1.0	D002375	1	1687392.0	5	1687392_4|1687392_8	bcv_easy_858|bcv_easy_862	769152865|769152869
D015647	0.0	D002375	0	1687392.0	0	1687392_8|1687392_10	bcv_easy_863|bcv_easy_867	769152870|769152874
D019257	0.201292775665	D002375	0	1687392.0	1	1687392_8|1687392_10	bcv_easy_864|bcv_easy_865	769152871|769152872
D015080	0.183638841042	D006417	0	1899352.0	1	1899352_9	bcv_easy_562	769152569
D002216	0.0	D062787	0	1928887.0	0	1928887_3	bcv_easy_512	769152519
D009270	0.39064563748	D007022	0	1928887.0	2	1928887_0|1928887_2|1928887_4|1928887_5	bcv_easy_507|bcv_easy_509|bcv_easy_513|bcv_easy_514	769152514|769152516|769152520|769152521
D009270	0.192971866471	D062787	0	1928887.0	1	1928887_3	bcv_easy_510	769152517
D004298	0.201292775665	D007022	0	1969772.0	1	1969772_9	bcv_easy_505	769152512
D012964	0.590059171598	D007022	0	1969772.0	3	1969772_7	bcv_easy_504	769152511
C030299	0.40212797693	D000740	0	2004015.0	2	2004015_8|2004015_9	bcv_easy_217|bcv_easy_218	769152224|769152225
D015215	0.0	C565469	0	2004015.0	0	2004015_0	bcv_easy_213	769152220
D015215	0.180858336498	D000163	0	2004015.0	1	2004015_2	bcv_easy_215	769152222
D015215	0.0	D007239	0	2004015.0	0	2004015_2	bcv_easy_216	769152223
D015215	0.391602073327	D045262	0	2004015.0	2	2004015_10	bcv_easy_219	769152226
D001379	0.397059926498	D008107	0	2051906.0	2	2051906_1	bcv_easy_113	769152120
D001379	0.60498357196	D017285	0	2051906.0	3	2051906_1	bcv_easy_114	769152121
D002945	0.592508540169	D001002	0	2320800.0	3	2320800_1	bcv_easy_409	769152416
D002945	0.21014117821	D001943	0	2320800.0	1	2320800_1	bcv_easy_407	769152414
D002945	0.599537612489	D051437	0	2320800.0	3	2320800_1	bcv_easy_408	769152415
D007069	1.0	D001002	1	2320800.0	5	2320800_0|2320800_1|2320800_6	bcv_easy_401|bcv_easy_404|bcv_easy_411	769152408|769152411|769152418
D007069	0.380116813719	D001943	0	2320800.0	2	2320800_0|2320800_1	bcv_easy_403|bcv_easy_405	769152410|769152412
D007069	0.210701845401	D007022	0	2320800.0	1	2320800_6	bcv_easy_413	769152420
D007069	0.0	D007674	1	2320800.0	0	2320800_0|2320800_7	bcv_easy_402|bcv_easy_415	769152409|769152422
D007069	1.0	D051437	0	2320800.0	5	2320800_1	bcv_easy_406	769152413
D015119	0.0	D008595	0	2339463.0	0	2339463_1	bcv_easy_210	769152217
D015119	0.0	D012851	0	2339463.0	0	2339463_3	bcv_easy_211	769152218
D015119	1.0	D013923	0	2339463.0	5	2339463_3	bcv_easy_212	769152219
D015119	1.0	D020225|D020227	1	2339463.0	5	2339463_1	bcv_easy_209	769152216
C032151	0.198529963249	D001145	0	2435991.0	1	2435991_0|2435991_1|2435991_2|2435991_5	bcv_easy_425|bcv_easy_427|bcv_easy_429|bcv_easy_431	769152432|769152434|769152436|769152438
C032151	1.0	D003866	0	2435991.0	5	2435991_5	bcv_easy_430	769152437
C032151	0.590912603354	D007022	0	2435991.0	3	2435991_5	bcv_easy_432	769152439
D004071	0.622213826974	D001145	1	2435991.0	3	2435991_1|2435991_2	bcv_easy_426|bcv_easy_428	769152433|769152435
D011224	0.0	D009127	0	2564649.0	0	2564649_4	bcv_easy_1162	769153169
D009627	1.0	D006948	1	2576810.0	5	2576810_3	bcv_easy_1178	769153185
D016666	0.0	D006948	1	2576810.0	0	2576810_3	bcv_easy_1179	769153186
D007649	1.0	D002375	1	2716967.0	5	2716967_0|2716967_1|2716967_2	bcv_easy_734|bcv_easy_736|bcv_easy_739	769152741|769152743|769152746
D007649	0.414667326243	D009127	0	2716967.0	2	2716967_5	bcv_easy_742	769152749
D009020	0.791312941892	D002375	1	2716967.0	4	2716967_2	bcv_easy_740	769152747
D009020	0.797102520511	D009127	0	2716967.0	4	2716967_5	bcv_easy_741	769152748
D009270	0.198303929734	D002375	0	2716967.0	1	2716967_9	bcv_easy_744	769152751
D006854	0.806213730012	D016534	0	2722224.0	4	2722224_9	bcv_easy_581	769152588
D002220	0.58779101456	D012640	0	2790457.0	3	2790457_0|2790457_2|2790457_3|2790457_4|2790457_5|2790457_6	bcv_easy_681|bcv_easy_684|bcv_easy_686|bcv_easy_687|bcv_easy_689|bcv_easy_691	769152688|769152691|769152693|769152694|769152696|769152698
D008012	0.805753283922	D012640	1	2790457.0	4	2790457_0|2790457_2|2790457_4|2790457_5	bcv_easy_682|bcv_easy_685|bcv_easy_688|bcv_easy_690	769152689|769152692|769152695|769152697
D000324	0.0	D003866	0	2840807.0	0	2840807_3	bcv_easy_494	769152501
D000324	0.801470036751	D004421	1	2840807.0	4	2840807_0	bcv_easy_492	769152499
D000324	0.0	D009069	0	2840807.0	0	2840807_3	bcv_easy_495	769152502
D009074	0.791596682763	D004421	1	2840807.0	4	2840807_0	bcv_easy_493	769152500
D005680	0.209512491025	D012131	0	2893236.0	1	2893236_5	bcv_easy_445	769152452
D005680	0.0	D012133	0	2893236.0	0	2893236_6|2893236_7	bcv_easy_446|bcv_easy_450	769152453|769152457
D009270	0.0	D012133	0	2893236.0	0	2893236_0|2893236_2|2893236_6|2893236_7	bcv_easy_439|bcv_easy_441|bcv_easy_447|bcv_easy_451	769152446|769152448|769152454|769152458
D013874	1.0	D012131	0	2893236.0	5	2893236_5	bcv_easy_442	769152449
D013874	1.0	D012133	1	2893236.0	5	2893236_0|2893236_2|2893236_7	bcv_easy_438|bcv_easy_440|bcv_easy_449	769152445|769152447|769152456
D018698	0.199063567521	D012133	0	2893236.0	1	2893236_6	bcv_easy_448	769152455
C053571	1.0	D014693	0	2980315.0	5	2980315_0|2980315_3	bcv_easy_164|bcv_easy_167	769152171|769152174
D007472	0.804509548278	D014693	0	2980315.0	4	2980315_0|2980315_3	bcv_easy_165|bcv_easy_168	769152172|769152175
D008794	0.575446278208	D014693	1	2980315.0	3	2980315_0|2980315_3	bcv_easy_163|bcv_easy_166	769152170|769152173
D006046	0.0	D003872	1	3084782.0	0	3084782_2	bcv_easy_675	769152682
D006046	0.0	D009393	0	3084782.0	0	3084782_2	bcv_easy_674	769152681
D008625	1.0	D003872	1	3084782.0	5	3084782_2	bcv_easy_673	769152680
D008625	1.0	D009393	1	3084782.0	5	3084782_2	bcv_easy_670	769152677
D010396	0.794593895499	D003872	0	3084782.0	4	3084782_2	bcv_easy_672	769152679
D016685	0.597016061506	D000743	0	3108839.0	3	3108839_2	bcv_easy_799	769152806
D016685	1.0	D006463	1	3108839.0	5	3108839_0|3108839_1	bcv_easy_797|bcv_easy_798	769152804|769152805
D016685	1.0	D011654	0	3108839.0	5	3108839_3|3108839_6	bcv_easy_802|bcv_easy_805	769152809|769152812
D016685	0.208951815483	D013274	0	3108839.0	1	3108839_6	bcv_easy_804	769152811
D016685	1.0	D013921	0	3108839.0	5	3108839_2|3108839_6	bcv_easy_801|bcv_easy_807	769152808|769152814
D016685	1.0	D051437	1	3108839.0	5	3108839_2|3108839_6	bcv_easy_800|bcv_easy_806	769152807|769152813
D002707	0.0	D009127	0	3115150.0	0	3115150_4	bcv_easy_231	769152238
D007650	0.401514566108	D009127	0	3115150.0	2	3115150_0|3115150_1	bcv_easy_228|bcv_easy_229	769152235|769152236
D012701	0.375886182783	D002318|D012131	0	3115150.0	2	3115150_8	bcv_easy_233	769152240
D012701	0.241676253081	D009127	0	3115150.0	1	3115150_1|3115150_8	bcv_easy_230|bcv_easy_234	769152237|769152241
D003276	0.815209047643	D002819	1	3123611.0	4	3123611_0|3123611_1	bcv_easy_388|bcv_easy_389	769152395|769152396
C009166	0.595589889747	D002277	0	3131282.0	3	3131282_3	bcv_easy_352	769152359
C009166	0.814809217983	D009369	0	3131282.0	4	3131282_5	bcv_easy_356	769152363
C009166	1.0	D010212	0	3131282.0	4	3131282_3|3131282_5	bcv_easy_351|bcv_easy_355	769152358|769152362
C009166	1.0	D013274	0	3131282.0	5	3131282_0|3131282_1|3131282_7	bcv_easy_347|bcv_easy_348|bcv_easy_357	769152354|769152355|769152364
C009166	0.58307841528	D017573	0	3131282.0	3	3131282_4	bcv_easy_354	769152361
C009166	0.751430243141	D063646	0	3131282.0	3	3131282_0	bcv_easy_345	769152352
D002083	0.598705025384	D002277	0	3131282.0	3	3131282_3	bcv_easy_353	769152360
D002083	0.795622068349	D010212	0	3131282.0	4	3131282_3	bcv_easy_350	769152357
D002083	0.804346219233	D063646	0	3131282.0	4	3131282_0	bcv_easy_346	769152353
D004317	1.0	D006333	1	3137399.0	5	3137399_7	bcv_easy_1199	769153206
D004317	0.811238897161	D066126	0	3137399.0	4	3137399_1|3137399_11	bcv_easy_1197|bcv_easy_1201	769153204|769153208
D016685	1.0	D006333	1	3137399.0	5	3137399_7	bcv_easy_1200	769153207
D016685	1.0	D066126	0	3137399.0	5	3137399_0|3137399_1|3137399_11	bcv_easy_1196|bcv_easy_1198|bcv_easy_1202	769153203|769153205|769153209
C033457	1.0	D056486	1	3411101.0	5	3411101_0|3411101_1	bcv_easy_1215|bcv_easy_1216	769153222|769153223
D011802	1.0	D056486	0	3411101.0	5	3411101_4	bcv_easy_1218	769153225
D004837	0.389348540007	D003324	0	3413271.0	2	3413271_1	bcv_easy_847	769152854
D004837	0.617704254933	D003866	0	3413271.0	3	3413271_3	bcv_easy_850	769152857
D004837	1.0	D017202	1	3413271.0	5	3413271_0|3413271_1|3413271_3|3413271_4|3413271_5	bcv_easy_846|bcv_easy_848|bcv_easy_852|bcv_easy_853|bcv_easy_854	769152853|769152855|769152859|769152860|769152861
D010100	0.0	D007511	0	3413271.0	0	3413271_2	bcv_easy_849	769152856
D001241	0.0	D012202	1	3670965.0	0	3670965_8	bcv_easy_266	769152273
D012459	0.0	D012202	0	3670965.0	0	3670965_8	bcv_easy_265	769152272
D001971	0.582096369034	D001523	0	3686155.0	3	3686155_1	bcv_easy_557	769152564
D001971	0.212607723424	D007775	0	3686155.0	1	3686155_1	bcv_easy_556	769152563
D001971	0.0	D010300	0	3686155.0	0	3686155_2	bcv_easy_560	769152567
D001971	1.0	D011605	1	3686155.0	5	3686155_0|3686155_1|3686155_2|3686155_3	bcv_easy_555|bcv_easy_558|bcv_easy_559|bcv_easy_561	769152562|769152565|769152566|769152568
D011241	1.0	D006963	0	3703509.0	5	3703509_2	bcv_easy_75	769152082
D011241	1.0	D006970	0	3703509.0	5	3703509_2	bcv_easy_78	769152085
D011241	1.0	D011141	0	3703509.0	4	3703509_2	bcv_easy_76	769152083
D011241	1.0	D053609	0	3703509.0	5	3703509_2	bcv_easy_74	769152081
D011241	1.0	D059606	0	3703509.0	5	3703509_2	bcv_easy_77	769152084
D019344	0.0	D000140	0	3703509.0	0	3703509_4	bcv_easy_80	769152087
D019344	0.0	D007662	0	3703509.0	0	3703509_4	bcv_easy_79	769152086
D000584	0.202791383328	D003324	0	3732088.0	1	3732088_3	bcv_easy_19	769152026
D000584	0.182483744478	D018879	0	3732088.0	1	3732088_6	bcv_easy_22	769152029
D002752	0.19084326092	D003324	0	3732088.0	1	3732088_3	bcv_easy_20	769152027
D002752	0.364976546795	D006973	0	3732088.0	2	3732088_3	bcv_easy_16	769152023
D002752	1.0	D018879	1	3732088.0	5	3732088_6	bcv_easy_23	769152030
D011188	0.150303550622	D001145	0	3732088.0	1	3732088_1	bcv_easy_15	769152022
D011188	0.374110222353	D003324	0	3732088.0	2	3732088_3	bcv_easy_21	769152028
D011188	0.179859106697	D003327	0	3732088.0	1	3732088_0	bcv_easy_13	769152020
D011188	0.374101071376	D006973	0	3732088.0	2	3732088_0|3732088_3	bcv_easy_12|bcv_easy_17	769152019|769152024
D011188	0.182483744478	D017202	0	3732088.0	1	3732088_7	bcv_easy_24	769152031
D013831	0.0	D003920	0	3762968.0	0	3762968_1	bcv_easy_728	769152735
D013831	0.0	D014899	0	3762968.0	0	3762968_1	bcv_easy_725	769152732
D013831	0.209298647901	D020915	0	3762968.0	1	3762968_1	bcv_easy_727	769152734
D013835	0.0	D003920	0	3762968.0	0	3762968_1|3762968_3	bcv_easy_729|bcv_easy_731	769152736|769152738
D013835	0.198529963249	D014899	0	3762968.0	1	3762968_1|3762968_3	bcv_easy_723|bcv_easy_732	769152730|769152739
D013835	0.183591641607	D020915	0	3762968.0	1	3762968_1	bcv_easy_724	769152731
D014042	0.40212797693	D003920	0	3762968.0	2	3762968_1	bcv_easy_730	769152737
D014042	0.575365579303	D020915	0	3762968.0	3	3762968_1|3762968_4	bcv_easy_726|bcv_easy_733	769152733|769152740
D014282	0.801470036751	D001919	1	3769769.0	4	3769769_0	bcv_easy_250	769152257
D014282	0.0	D012559	0	3769769.0	0	3769769_1	bcv_easy_251	769152258
D005283	1.0	D009127	1	3780697.0	5	3780697_0|3780697_1	bcv_easy_785|bcv_easy_787	769152792|769152794
D005283	1.0	D012131	0	3780697.0	5	3780697_1	bcv_easy_786	769152793
D004052	0.0	D009369	0	3780814.0	0	3780814_6	bcv_easy_719	769152726
D004052	0.0	D011230	1	3780814.0	0	3780814_3	bcv_easy_718	769152725
D004052	0.0	D063646	0	3780814.0	0	3780814_0|3780814_1|3780814_7	bcv_easy_712|bcv_easy_714|bcv_easy_722	769152719|769152721|769152729
D010634	0.0	D009369	0	3780814.0	0	3780814_6	bcv_easy_720	769152727
D010634	0.212534263643	D011230	0	3780814.0	1	3780814_3	bcv_easy_717	769152724
D010634	1.0	D063646	0	3780814.0	4	3780814_0|3780814_1|3780814_2|3780814_7	bcv_easy_711|bcv_easy_713|bcv_easy_715|bcv_easy_721	769152718|769152720|769152722|769152728
D000617	1.0	D006311	0	3934126.0	5	3934126_5	bcv_easy_1142	769153149
D000617	0.799146341463	D007674	0	3934126.0	4	3934126_5	bcv_easy_1140	769153147
D000617	0.201292775665	D013924	0	3934126.0	1	3934126_5	bcv_easy_1143	769153150
D014640	1.0	D006311	1	3934126.0	5	3934126_5	bcv_easy_1144	769153151
D014640	0.0	D007239	0	3934126.0	0	3934126_6	bcv_easy_1145	769153152
D014640	1.0	D007674	0	3934126.0	5	3934126_5	bcv_easy_1141	769153148
D000583	0.179521978436	D007674	1	3950060.0	1	3950060_1	bcv_easy_489	769152496
D002118	0.0	D003329	0	3952818.0	0	3952818_3	bcv_easy_1002	769153009
D002118	0.0	D066126	0	3952818.0	0	3952818_3	bcv_easy_1001	769153008
D005472	0.796170332914	D002637	1	3952818.0	4	3952818_1	bcv_easy_997	769153004
D005472	0.414809217983	D003110	0	3952818.0	2	3952818_1	bcv_easy_995	769153002
D005472	0.199512587307	D009362	0	3952818.0	1	3952818_1	bcv_easy_996	769153003
D005472	1.0	D066126	0	3952818.0	5	3952818_3|3952818_0	bcv_easy_1000|bcv_easy_993	769153007|769153000
D009543	0.0	D000788	0	3952818.0	0	3952818_2	bcv_easy_999	769153006
D009543	0.0	D002637	0	3952818.0	0	3952818_2	bcv_easy_998	769153005
C025541	0.597016061506	D009410	1	3961813.0	3	3961813_6	bcv_easy_525	769152532
D003345	0.0	D009422	0	3961813.0	0	3961813_0|3961813_3	bcv_easy_518|bcv_easy_520	769152525|769152527
D007531	0.402983938494	D009422	1	3961813.0	2	3961813_3	bcv_easy_519	769152526
D007531	0.210361457764	D020258	0	3961813.0	1	3961813_4	bcv_easy_523	769152530
D010755	0.39705	D009422	0	3961813.0	2	3961813_0	bcv_easy_517	769152524
D000638	1.0	D002779|D056486	1	3962737.0	5	3962737_4	bcv_easy_293	769152300
D000638	0.801475	D006519	0	3962737.0	4	3962737_4	bcv_easy_290	769152297
D000638	1.0	D008103	1	3962737.0	5	3962737_4	bcv_easy_289	769152296
D000638	0.0	D013610	0	3962737.0	0	3962737_1	bcv_easy_286	769152293
D000638	1.0	D056486	1	3962737.0	5	3962737_0|3962737_4	bcv_easy_285|bcv_easy_292	769152292|769152299
D008012	1.0	D009135	1	4038130.0	5	4038130_5	bcv_easy_397	769152404
D008619	1.0	D009135	1	4038130.0	5	4038130_5	bcv_easy_395	769152402
D000082	0.176907645442	D001744	0	4090988.0	1	4090988_6	bcv_easy_282	769152289
D000082	1.0	D001749	1	4090988.0	4	4090988_4	bcv_easy_279	769152286
D000082	0.798832323627	D006965	1	4090988.0	4	4090988_6	bcv_easy_281	769152288
D000082	0.0	D008113	1	4090988.0	0	4090988_8	bcv_easy_284	769152291
D000082	1.0	D009369	0	4090988.0	5	4090988_7	bcv_easy_283	769152290
D000082	1.0	D010212	0	4090988.0	5	4090988_4	bcv_easy_280	769152287
D000319	1.0	D001919	1	6127992.0	5	6127992_1	bcv_easy_472	769152479
D000319	1.0	D006333	1	6127992.0	5	6127992_1	bcv_easy_471	769152478
D000319	1.0	D007022	1	6127992.0	5	6127992_1	bcv_easy_474	769152481
D000319	0.413038657698	D017202	0	6127992.0	2	6127992_1	bcv_easy_470	769152477
D014700	1.0	D001919	1	6127992.0	5	6127992_1	bcv_easy_476	769152483
D014700	0.825686953975	D006333	1	6127992.0	4	6127992_1	bcv_easy_473	769152480
D014700	1.0	D007022	1	6127992.0	5	6127992_1	bcv_easy_469	769152476
D014700	0.395324862761	D017202	0	6127992.0	2	6127992_1	bcv_easy_475	769152482
D002927	1.0	D007172	1	6150641.0	5	6150641_6	bcv_easy_326	769152333
D002927	0.0	D056486|D006402	0	6150641.0	0	6150641_7	bcv_easy_327	769152334
D003404	0.18382959574	D056486|D006402	0	6150641.0	1	6150641_7	bcv_easy_329	769152336
D011899	0.0	D007172	0	6150641.0	0	6150641_6	bcv_easy_325	769152332
D011899	0.0	D056486|D006402	0	6150641.0	0	6150641_7	bcv_easy_328	769152335
D006220	0.387693731205	D006948	0	6293644.0	2	6293644_2	bcv_easy_829	769152836
C018824	0.806213730012	D000699	0	6323692.0	4	6323692_7	bcv_easy_365	769152372
C018824	0.612132756979	D001259	1	6323692.0	3	6323692_1|6323692_7	bcv_easy_360|bcv_easy_370	769152367|769152377
C018824	0.0	D003866	0	6323692.0	0	6323692_4	bcv_easy_362	769152369
D000661	0.0	D000699	0	6323692.0	0	6323692_7	bcv_easy_368	769152375
D000661	0.0	D001259	0	6323692.0	0	6323692_7	bcv_easy_375	769152382
D002118	0.0	D003866	0	6323692.0	0	6323692_4	bcv_easy_364	769152371
D002395	0.0	D003866	0	6323692.0	0	6323692_4	bcv_easy_361	769152368
D003975	0.201491969247	D000699	0	6323692.0	1	6323692_7	bcv_easy_366	769152373
D003975	0.778634275481	D001259	1	6323692.0	4	6323692_1|6323692_7	bcv_easy_358|bcv_easy_372	769152365|769152379
D009020	0.603739002933	D000699	0	6323692.0	3	6323692_7	bcv_easy_374	769152381
D009020	0.191492440136	D001259	0	6323692.0	1	6323692_1	bcv_easy_359	769152366
D010433	0.0	D000699	0	6323692.0	0	6323692_7	bcv_easy_376	769152383
D010433	0.0	D001259	0	6323692.0	0	6323692_7	bcv_easy_371	769152378
D014700	1.0	D001259	0	6323692.0	5	6323692_7	bcv_easy_373	769152380
D002216	0.0	D006973	0	6454943.0	0	6454943_1	bcv_easy_586	769152593
D002216	0.0	D011507	0	6454943.0	0	6454943_0|6454943_3|6454943_4	bcv_easy_582|bcv_easy_588|bcv_easy_589	769152589|769152595|769152596
D011692	0.40561869493	D006973	0	6454943.0	2	6454943_0	bcv_easy_583	769152590
D004298	1.0	D002389	1	6540303.0	5	6540303_2|6540303_8	bcv_easy_485|bcv_easy_487	769152492|769152494
D009638	0.0	D002389	0	6540303.0	0	6540303_2	bcv_easy_486	769152493
D006493	0.405850957702	D001791	0	6615052.0	2	6615052_3|6615052_7	bcv_easy_1277|bcv_easy_1278	769153284|769153285
D006493	1.0	D006470	1	6615052.0	4	6615052_0|6615052_2	bcv_easy_1273|bcv_easy_1276	769153280|769153283
D006493	0.779384376617	D013923	1	6615052.0	4	6615052_2	bcv_easy_1275	769153282
D006493	0.402983938494	D013927	0	6615052.0	2	6615052_0	bcv_easy_1274	769153281
D000638	0.0	D006323	0	6637851.0	0	6637851_1	bcv_easy_1015	769153022
D000638	0.208691184027	D014693	0	6637851.0	1	6637851_0|6637851_3|6637851_8	bcv_easy_1013|bcv_easy_1017|bcv_easy_1021	769153020|769153024|769153028
D000638	0.378975930858	D017180	0	6637851.0	2	6637851_0|6637851_1|6637851_3|6637851_4|6637851_8|6637851_9	bcv_easy_1011|bcv_easy_1014|bcv_easy_1016|bcv_easy_1018|bcv_easy_1019|bcv_easy_1022	769153018|769153021|769153023|769153025|769153026|769153029
D000638	1.0	D064420	0	6637851.0	5	6637851_0|6637851_8	bcv_easy_1012|bcv_easy_1020	769153019|769153027
D005279	0.41131225235	D001172	0	6699841.0	2	6699841_1	bcv_easy_1252	769153259
D005279	0.186335875928	D007681	0	6699841.0	1	6699841_1	bcv_easy_1246	769153253
D006046	0.0	D001172	0	6699841.0	0	6699841_1	bcv_easy_1245	769153252
D006046	0.0	D007681	0	6699841.0	0	6699841_1	bcv_easy_1251	769153258
D009288	0.215378579835	D001172	0	6699841.0	1	6699841_1	bcv_easy_1254	769153261
D009288	1.0	D007681	1	6699841.0	5	6699841_0|6699841_1	bcv_easy_1244|bcv_easy_1253	769153251|769153260
D012459	0.0	D001172	0	6699841.0	0	6699841_1	bcv_easy_1248	769153255
D013467	0.0	D001172	0	6699841.0	0	6699841_1	bcv_easy_1250	769153257
D013467	0.0	D007674	0	6699841.0	0	6699841_4	bcv_easy_1255	769153262
D013467	0.58822895913	D007681	0	6699841.0	3	6699841_1|6699841_4	bcv_easy_1249|bcv_easy_1256	769153256|769153263
D000728	0.388369932019	D012891	0	6732043.0	2	6732043_4	bcv_easy_1160	769153167
D000728	1.0	D020181	1	6732043.0	5	6732043_0|6732043_1|6732043_3|6732043_7	bcv_easy_1157|bcv_easy_1158|bcv_easy_1159|bcv_easy_1161	769153164|769153165|769153166|769153168
D004317	0.597098435334	D006333	1	6769133.0	3	6769133_2	bcv_easy_939	769152946
D004317	1.0	D015470	1	6769133.0	5	6769133_4	bcv_easy_941	769152948
D004317	1.0	D066126	0	6769133.0	5	6769133_0	bcv_easy_938	769152945
D018943	0.373458776925	D001768	0	6769133.0	2	6769133_3	bcv_easy_940	769152947
D002122	0.205656126175	D004830	0	6892185.0	1	6892185_1|6892185_3|6892185_4	bcv_easy_1045|bcv_easy_1054|bcv_easy_1063	769153052|769153061|769153070
D002122	0.189780116146	D014202	0	6892185.0	1	6892185_1|6892185_3|6892185_4	bcv_easy_1044|bcv_easy_1046|bcv_easy_1062	769153051|769153053|769153069
D002122	0.199512587307	D015878	0	6892185.0	1	6892185_1|6892185_3|6892185_4	bcv_easy_1039|bcv_easy_1049|bcv_easy_1057	769153046|769153056|769153064
D002217	1.0	D004830	1	6892185.0	5	6892185_1|6892185_3|6892185_4	bcv_easy_1038|bcv_easy_1048|bcv_easy_1056	769153045|769153055|769153063
D002217	1.0	D014202	1	6892185.0	5	6892185_1|6892185_3|6892185_4	bcv_easy_1037|bcv_easy_1047|bcv_easy_1055	769153044|769153054|769153062
D002217	1.0	D015878	1	6892185.0	5	6892185_1|6892185_3|6892185_4	bcv_easy_1042|bcv_easy_1052|bcv_easy_1060	769153049|769153059|769153067
D010830	0.796767028628	D004830	1	6892185.0	4	6892185_1|6892185_3|6892185_4	bcv_easy_1043|bcv_easy_1053|bcv_easy_1061	769153050|769153060|769153068
D010830	1.0	D014202	1	6892185.0	5	6892185_1|6892185_3|6892185_4	bcv_easy_1041|bcv_easy_1051|bcv_easy_1059	769153048|769153058|769153066
D010830	1.0	D015878	1	6892185.0	5	6892185_3|6892185_4	bcv_easy_1050|bcv_easy_1058	769153057|769153065
D000082	0.0	D006525	0	7007443.0	0	7007443_2	bcv_easy_344	769152351
D000082	1.0	D017114	1	7007443.0	5	7007443_2	bcv_easy_342	769152349
D000082	0.198529963249	D062787	0	7007443.0	1	7007443_2	bcv_easy_343	769152350
D013866	1.0	D006504	1	7053705.0	5	7053705_0|7053705_1|7053705_4	bcv_easy_1211|bcv_easy_1213|bcv_easy_1214	769153218|769153220|769153221
D013866	0.179902135685	D054198	0	7053705.0	1	7053705_1	bcv_easy_1212	769153219
D002701	1.0	D000741	1	7072798.0	5	7072798_1|7072798_4	bcv_easy_174|bcv_easy_177	769152181|769152184
D002701	1.0	D001855	0	7072798.0	5	7072798_4	bcv_easy_176	769152183
D002701	0.0	D002386	0	7072798.0	0	7072798_1	bcv_easy_173	769152180
D002701	1.0	D005128	0	7072798.0	5	7072798_5	bcv_easy_178	769152185
D004317	1.0	D009202	1	7282516.0	5	7282516_0|7282516_1|7282516_6	bcv_easy_58|bcv_easy_59|bcv_easy_60	769152065|769152066|769152067
D008148	1.0	D009135	0	7604176.0	5	7604176_7	bcv_easy_812	769152819
D017035	0.0	D006937	0	7604176.0	0	7604176_3	bcv_easy_810	769152817
D017035	0.811393833684	D009135	0	7604176.0	4	7604176_0|7604176_4|7604176_7	bcv_easy_808|bcv_easy_811|bcv_easy_813	769152815|769152818|769152820
D017035	0.798508030753	D009220	1	7604176.0	4	7604176_1	bcv_easy_809	769152816
D019821	1.0	D009135	0	7604176.0	5	7604176_7	bcv_easy_814	769152821
D005047	0.411760294007	D003327	0	7619765.0	2	7619765_1	bcv_easy_553	769152560
D005047	1.0	D009203	1	7619765.0	5	7619765_0|7619765_1	bcv_easy_552|bcv_easy_554	769152559|769152561
D004737	1.0	D004342	0	7647582.0	5	7647582_8	bcv_easy_920	769152927
D004737	1.0	D056486	1	7647582.0	5	7647582_1|7647582_8	bcv_easy_910|bcv_easy_917	769152917|769152924
D006221	0.797841195489	D004342	0	7647582.0	4	7647582_4	bcv_easy_914	769152921
D006221	1.0	D056486	1	7647582.0	5	7647582_1|7647582_3|7647582_8	bcv_easy_908|bcv_easy_912|bcv_easy_919	769152915|769152919|769152926
D007530	1.0	D004342	0	7647582.0	5	7647582_4|7647582_8	bcv_easy_915|bcv_easy_921	769152922|769152928
D007530	1.0	D056486	1	7647582.0	4	7647582_1|7647582_8	bcv_easy_909|bcv_easy_918	769152916|769152925
D014269	0.189178758876	D056486	0	7647582.0	1	7647582_3	bcv_easy_913	769152920
D004456	1.0	D009157	0	7650771.0	4	7650771_1	bcv_easy_1164	769153171
D004456	1.0	D018908	1	7650771.0	5	7650771_1	bcv_easy_1165	769153172
D004456	0.769451847207	D064420	0	7650771.0	4	7650771_0	bcv_easy_1163	769153170
D001241	0.0	D007022	0	7710775.0	0	7710775_6	bcv_easy_951	769152958
D001241	0.583193365526	D007511	0	7710775.0	3	7710775_6	bcv_easy_947	769152954
D008315	0.0	D002545	1	7710775.0	0	7710775_0	bcv_easy_943	769152950
D008315	0.4	D007511	0	7710775.0	2	7710775_5|7710775_6|7710775_7	bcv_easy_946|bcv_easy_948|bcv_easy_953	769152953|769152955|769152960
D009599	0.428898045324	D007022	0	7710775.0	2	7710775_6	bcv_easy_952	769152959
D009599	0.0	D007511	0	7710775.0	0	7710775_6	bcv_easy_950	769152957
D009705	0.174308792308	D002545	0	7710775.0	1	7710775_0	bcv_easy_944	769152951
D009705	0.0	D007511	0	7710775.0	0	7710775_4|7710775_7	bcv_easy_945|bcv_easy_954	769152952|769152961
D011453	1.0	D053201	0	7752389.0	5	7752389_8	bcv_easy_481	769152488
D015320	0.590222439501	D053201	0	7752389.0	3	7752389_0|7752389_8	bcv_easy_480|bcv_easy_482	769152487|769152489
D003915	1.0	D003072	1	7803371.0	5	7803371_0|7803371_7	bcv_easy_1242|bcv_easy_1243	769153249|769153250
D013256	0.794101612191	D005901	0	7843916.0	4	7843916_13	bcv_easy_528	769152535
D013256	0.198049680766	D005902	0	7843916.0	1	7843916_13	bcv_easy_527	769152534
D001285	0.0	D020821	0	8106150.0	0	8106150_8	bcv_easy_1130	769153137
D001418	0.0	D004409	0	8106150.0	0	8106150_7	bcv_easy_1128	769153135
D001418	0.0	D020821	0	8106150.0	0	8106150_7	bcv_easy_1127	769153134
D003000	0.408687372945	D004409	0	8106150.0	2	8106150_5	bcv_easy_1124	769153131
D003000	1.0	D020734	0	8106150.0	5	8106150_5	bcv_easy_1122	769153129
D004298	0.201491969247	D004409	0	8106150.0	1	8106150_4	bcv_easy_1114	769153121
D008614	0.0	D004409	0	8106150.0	0	8106150_6	bcv_easy_1125	769153132
D008784	0.0	D004409	0	8106150.0	0	8106150_5	bcv_easy_1116	769153123
D008784	1.0	D020734	0	8106150.0	5	8106150_5	bcv_easy_1115	769153122
D010830	0.0	D004409	0	8106150.0	0	8106150_5	bcv_easy_1121	769153128
D010830	0.405687407478	D020734	0	8106150.0	2	8106150_5	bcv_easy_1123	769153130
D011433	0.0	D004409	0	8106150.0	0	8106150_5	bcv_easy_1117	769153124
D011433	0.78985882179	D020734	0	8106150.0	4	8106150_5	bcv_easy_1118	769153125
D015632	0.178908150852	D004409	0	8106150.0	1	8106150_0	bcv_easy_1112	769153119
D015632	0.795456301677	D020734	1	8106150.0	4	8106150_1	bcv_easy_1113	769153120
D016291	0.0	D004409	0	8106150.0	0	8106150_5	bcv_easy_1120	769153127
D016291	1.0	D020734	0	8106150.0	5	8106150_5	bcv_easy_1119	769153126
D006220	0.0	D011595	0	8111719.0	0	8111719_13	bcv_easy_1272	769153279
D009543	1.0	D013684	1	8251368.0	5	8251368_0|8251368_1	bcv_easy_452|bcv_easy_453	769152459|769152460
D017311	0.606846318302	D013684	1	8251368.0	3	8251368_4	bcv_easy_454	769152461
D010396	0.180858336498	D001172	0	8267029.0	1	8267029_0|8267029_1	bcv_easy_497|bcv_easy_498	769152504|769152505
D010396	1.0	D005921	1	8267029.0	5	8267029_0|8267029_1|8267029_6	bcv_easy_496|bcv_easy_499|bcv_easy_500	769152503|769152506|769152507
D010396	1.0	D011507	0	8267029.0	5	8267029_6	bcv_easy_501	769152508
D010396	1.0	D003882	0	8268147.0	5	8268147_5	bcv_easy_839	769152846
D010396	0.599899231641	D008105	0	8268147.0	3	8268147_0|8268147_3	bcv_easy_832|bcv_easy_838	769152839|769152845
D010396	0.0	D012216	0	8268147.0	0	8268147_1	bcv_easy_833	769152840
D010396	1.0	D017285	1	8268147.0	5	8268147_2|8268147_3|8268147_5	bcv_easy_836|bcv_easy_837|bcv_easy_840	769152843|769152844|769152847
D010396	0.610267182417	D064420	0	8268147.0	3	8268147_1	bcv_easy_834	769152841
D002939	0.0	D009369	0	8494478.0	0	8494478_0|8494478_2	bcv_easy_844|bcv_easy_845	769152851|769152852
D002216	0.396686390533	D006973	0	8586822.0	2	8586822_0|8586822_1	bcv_easy_1188|bcv_easy_1189	769153195|769153196
D018738	0.201292775665	D006973	0	8586822.0	1	8586822_5	bcv_easy_1190	769153197
D006220	1.0	D003072	1	8617710.0	5	8617710_0|8617710_5|8617710_11	bcv_easy_1191|bcv_easy_1193|bcv_easy_1194	769153198|769153200|769153201
D020280	0.0	D003072	0	8617710.0	0	8617710_0|8617710_11	bcv_easy_1192|bcv_easy_1195	769153199|769153202
D004308	0.0	D059350	0	8766220.0	0	8766220_2	bcv_easy_99	769152106
D014147	1.0	D006212	1	8766220.0	5	8766220_0	bcv_easy_96	769152103
D014147	0.0	D009369	0	8766220.0	0	8766220_1	bcv_easy_98	769152105
D014147	0.0	D010146	0	8766220.0	0	8766220_1	bcv_easy_97	769152104
D017374	0.0	D059350	0	8766220.0	0	8766220_2	bcv_easy_100	769152107
C047426	0.406012731038	D003866	0	8888541.0	2	8888541_4	bcv_easy_1108	769153115
C047426	1.0	D020230	1	8888541.0	5	8888541_0|8888541_4	bcv_easy_1101|bcv_easy_1110	769153108|769153117
D003975	0.502678718159	D009127	0	8888541.0	2	8888541_10	bcv_easy_1111	769153118
D012701	1.0	D005334	0	8888541.0	5	8888541_1	bcv_easy_1104	769153111
D012701	0.754642360575	D009127	0	8888541.0	3	8888541_1	bcv_easy_1105	769153112
D012701	0.587445518762	D011595	0	8888541.0	3	8888541_1	bcv_easy_1106	769153113
D012701	0.604945674334	D012798	0	8888541.0	3	8888541_1	bcv_easy_1103	769153110
D014191	0.0	D003866	0	8888541.0	0	8888541_4	bcv_easy_1107	769153114
D014191	1.0	D020230	1	8888541.0	5	8888541_0|8888541_4	bcv_easy_1100|bcv_easy_1109	769153107|769153116
D003520	0.793707257196	D001749	1	8911359.0	4	8911359_0|8911359_7	bcv_easy_433|bcv_easy_436	769152440|769152443
D003520	0.8136121673	D014523	0	8911359.0	4	8911359_1	bcv_easy_434	769152441
C045894	0.0	D009369	0	8958188.0	0	8958188_2	bcv_easy_180	769152187
C045894	1.0	D064420	0	8958188.0	4	8958188_3|8958188_4|8958188_8	bcv_easy_181|bcv_easy_182|bcv_easy_187	769152188|769152189|769152194
D005492	0.0	D064420	0	8958188.0	0	8958188_4|8958188_5|8958188_7|8958188_8	bcv_easy_183|bcv_easy_185|bcv_easy_186|bcv_easy_188	769152190|769152192|769152193|769152195
D005473	1.0	D006966	1	9098464.0	5	9098464_0|9098464_1|9098464_2	bcv_easy_1031|bcv_easy_1032|bcv_easy_1034	769153038|769153039|769153041
D005473	1.0	D062788	1	9098464.0	5	9098464_0|9098464_1|9098464_8	bcv_easy_1029|bcv_easy_1033|bcv_easy_1036	769153036|769153040|769153043
D012701	0.603337876411	D006966	0	9098464.0	3	9098464_0|9098464_2	bcv_easy_1030|bcv_easy_1035	769153037|769153042
D012701	0.0	D062788	0	9098464.0	0	9098464_0	bcv_easy_1028	769153035
D015215	0.201491969247	D000163	0	9209318.0	1	9209318_1	bcv_easy_906	769152913
D015215	0.621024069142	D009190	1	9209318.0	3	9209318_0|9209318_8	bcv_easy_905|bcv_easy_907	769152912|769152914
D004958	0.583480855799	D009369	0	9214597.0	3	9214597_6	bcv_easy_789	769152796
D008094	0.78985882179	D011141	1	9226773.0	4	9226773_3|9226773_4	bcv_easy_197|bcv_easy_200	769152204|769152207
D014667	0.0	D011141	0	9226773.0	0	9226773_3	bcv_easy_198	769152205
D010862	0.788096340899	D001930	0	9305828.0	4	9305828_3	bcv_easy_1220	769153227
D010862	0.600151152538	D004827	0	9305828.0	3	9305828_3	bcv_easy_1223	769153230
D010862	0.203006365519	D004833	1	9305828.0	1	9305828_0|9305828_8	bcv_easy_1219|bcv_easy_1224	769153226|769153231
D010862	0.513673365556	D012640	0	9305828.0	2	9305828_3	bcv_easy_1222	769153229
D010862	0.211171358538	D013226	0	9305828.0	1	9305828_3	bcv_easy_1221	769153228
D001393	1.0	D008133	1	9545159.0	5	9545159_2	bcv_easy_255	769152262
D001393	1.0	D016757	1	9545159.0	5	9545159_2	bcv_easy_260	769152267
D004110	0.0	D005764	0	9545159.0	0	9545159_3	bcv_easy_264	769152271
D004110	0.0	D006973	0	9545159.0	0	9545159_3	bcv_easy_263	769152270
D004110	0.605631779326	D008133	1	9545159.0	3	9545159_0	bcv_easy_252	769152259
D004917	1.0	D008133	1	9545159.0	5	9545159_2	bcv_easy_258	769152265
D004917	1.0	D016171	1	9545159.0	5	9545159_2	bcv_easy_259	769152266
D004917	1.0	D016757	1	9545159.0	5	9545159_2	bcv_easy_257	769152264
D020117	0.248569756859	D005764	0	9545159.0	1	9545159_3	bcv_easy_261	769152268
D020117	0.0	D006973	0	9545159.0	0	9545159_3	bcv_easy_262	769152269
D020117	0.195648960284	D015835	0	9545159.0	1	9545159_1	bcv_easy_254	769152261
D007980	0.233016438899	D020734	0	9549528.0	1	9549528_0|9549528_1	bcv_easy_890|bcv_easy_891	769152897|769152898
D064704	0.201491969247	D012852	0	9564988.0	1	9564988_1|9564988_14	bcv_easy_679|bcv_easy_680	769152686|769152687
D013629	0.405261180008	D001943	0	9672273.0	2	9672273_0|9672273_1|9672273_3|9672273_12|9672273_13|9672273_15	bcv_easy_306|bcv_easy_308|bcv_easy_309|bcv_easy_310|bcv_easy_311|bcv_easy_314	769152313|769152315|769152316|769152317|769152318|769152321
D013629	1.0	D015228	1	9672273.0	5	9672273_14	bcv_easy_313	769152320
D013629	1.0	D016889	0	9672273.0	5	9672273_1	bcv_easy_307	769152314
D005277	1.0	D006349	0	9867728.0	4	9867728_0|9867728_1|9867728_9	bcv_easy_1166|bcv_easy_1168|bcv_easy_1172	769153173|769153175|769153179
D010645	0.78985882179	D006349	0	9867728.0	4	9867728_9	bcv_easy_1173	769153180
D020372	0.800231440718	D006349	0	9867728.0	4	9867728_0|9867728_1|9867728_2	bcv_easy_1167|bcv_easy_1169|bcv_easy_1171	769153174|769153176|769153178
D003404	0.203829667086	D007674	0	9875685.0	1	9875685_12	bcv_easy_1027	769153034
D014031	0.0	D064420	0	9875685.0	0	9875685_1	bcv_easy_1026	769153033
D004317	1.0	D002318	0	9952311.0	5	9952311_1	bcv_easy_791	769152798
D004317	0.79389550728	D004487	0	9952311.0	4	9952311_6	bcv_easy_795	769152802
D004317	0.201491969247	D009369	0	9952311.0	1	9952311_1	bcv_easy_792	769152799
D004317	1.0	D028361	1	9952311.0	5	9952311_0|9952311_8	bcv_easy_790|bcv_easy_796	769152797|769152803
D008775	1.0	D001919	1	10074612.0	5	10074612_1	bcv_easy_1089	769153096
D008775	0.601448739744	D003645	0	10074612.0	3	10074612_6	bcv_easy_1090	769153097
D008775	1.0	D006323	1	10074612.0	5	10074612_0|10074612_1	bcv_easy_1085|bcv_easy_1088	769153092|769153095
D008775	1.0	D007022	1	10074612.0	5	10074612_1	bcv_easy_1087	769153094
D011692	0.606453605064	D011507	1	10193809.0	3	10193809_2	bcv_easy_841	769152848
D008012	0.820136493726	D011128	1	10225068.0	4	10225068_0	bcv_easy_391	769152398
D008012	1.0	D020258	0	10225068.0	5	10225068_5	bcv_easy_392	769152399
D008094	0.0	D001714	0	10354657.0	0	10354657_5	bcv_easy_1132	769153139
D008094	0.782595841135	D006934	0	10354657.0	4	10354657_14	bcv_easy_1136	769153143
D008094	0.797226903631	D007037	1	10354657.0	4	10354657_9	bcv_easy_1133	769153140
D008094	0.567091842886	D013959	0	10354657.0	3	10354657_2|10354657_9|10354657_14	bcv_easy_1131|bcv_easy_1134|bcv_easy_1137	769153138|769153141|769153144
D002511	1.0	D000743	0	10411803.0	5	10411803_1	bcv_easy_95	769152102
D000082	0.603939562947	D001791	0	10414674.0	3	10414674_8	bcv_easy_899	769152906
D000082	0.203001175929	D013345	0	10414674.0	1	10414674_3|10414674_11	bcv_easy_895|bcv_easy_902	769152902|769152909
D000082	0.0	D017542	0	10414674.0	0	10414674_3	bcv_easy_896	769152903
D000244	1.0	D001791	0	10414674.0	5	10414674_6	bcv_easy_897	769152904
D007660	0.0	D001791	1	10414674.0	0	10414674_6	bcv_easy_898	769152905
D007660	0.0	D002532	0	10414674.0	0	10414674_12	bcv_easy_904	769152911
D007660	1.0	D006470	0	10414674.0	5	10414674_12	bcv_easy_903	769152910
D007660	0.0	D013345	0	10414674.0	0	10414674_3|10414674_11	bcv_easy_894|bcv_easy_901	769152901|769152908
D007660	0.0	D017542	0	10414674.0	0	10414674_3	bcv_easy_893	769152900
D005996	0.382359558989	D008881	0	10524660.0	2	10524660_7	bcv_easy_605	769152612
D005996	0.224637865635	D020325	0	10524660.0	1	10524660_0|10524660_3	bcv_easy_600|bcv_easy_604	769152607|769152611
D005996	1.0	D020326	1	10524660.0	5	10524660_0	bcv_easy_601	769152608
D009569	0.0	D003866	0	10524660.0	0	10524660_11	bcv_easy_609	769152616
D009569	0.218038193113	D006261	0	10524660.0	1	10524660_11	bcv_easy_610	769152617
D009569	0.811393833684	D010146	0	10524660.0	4	10524660_2|10524660_10	bcv_easy_602|bcv_easy_607	769152609|769152614
D009569	0.386368905031	D020325	0	10524660.0	2	10524660_10	bcv_easy_608	769152615
D009569	0.781748911466	D020326	1	10524660.0	4	10524660_2	bcv_easy_603	769152610
D000809	0.589239011756	D006333	0	10539815.0	3	10539815_0|10539815_1|10539815_3	bcv_easy_747|bcv_easy_750|bcv_easy_752	769152754|769152757|769152759
D000809	0.0	D018487	0	10539815.0	0	10539815_0	bcv_easy_748	769152755
D000809	1.0	D051437	0	10539815.0	4	10539815_1|10539815_3	bcv_easy_749|bcv_easy_751	769152756|769152758
D003404	0.0	D006973	0	10539815.0	0	10539815_7	bcv_easy_759	769152766
D003404	0.606564386318	D051437	0	10539815.0	3	10539815_6	bcv_easy_755	769152762
D004232	0.197667887994	D003920	0	10539815.0	1	10539815_7|10539815_9	bcv_easy_758|bcv_easy_764	769152765|769152771
D004232	0.0	D006973	0	10539815.0	0	10539815_7	bcv_easy_757	769152764
D004232	0.595589889747	D051437	1	10539815.0	3	10539815_9|10539815_11	bcv_easy_762|bcv_easy_766	769152769|769152773
D004656	0.393941735569	D003920	0	10539815.0	2	10539815_9|10539815_12|10539815_16	bcv_easy_761|bcv_easy_768|bcv_easy_771	769152768|769152775|769152778
D004656	0.0	D006333	0	10539815.0	0	10539815_4|10539815_14|10539815_16	bcv_easy_754|bcv_easy_770|bcv_easy_773	769152761|769152777|769152780
D004656	0.0	D018487	0	10539815.0	0	10539815_4	bcv_easy_753	769152760
D004656	1.0	D051437	1	10539815.0	5	10539815_9|10539815_10|10539815_11|10539815_16	bcv_easy_763|bcv_easy_765|bcv_easy_767|bcv_easy_772	769152770|769152772|769152774|769152779
C076029	1.0	D001714	1	10565806.0	6	10565806_0|10565806_1	bcv_easy_126|bcv_easy_128	769152133|769152135
D000086	0.21014117821	D007674	0	10692744.0	1	10692744_1	bcv_easy_989	769152996
D000171	1.0	D003556	0	10840460.0	5	10840460_2	bcv_easy_319	769152326
D003520	0.795776165505	D010146	1	10840460.0	4	10840460_21	bcv_easy_322	769152329
D003520	0.583325462788	D059265	0	10840460.0	3	10840460_0|10840460_21	bcv_easy_318|bcv_easy_323	769152325|769152330
D009020	0.0	D001523	0	10840460.0	0	10840460_11	bcv_easy_320	769152327
D009020	0.79856167902	D004487	0	10840460.0	4	10840460_14	bcv_easy_321	769152328
D001058	0.20862482266	D001523	0	11009181.0	1	11009181_7	bcv_easy_193	769152200
D001058	0.0	D004409	0	11009181.0	0	11009181_6	bcv_easy_192	769152199
D001058	0.0	D010300	0	11009181.0	0	11009181_0|11009181_1|11009181_2|11009181_8	bcv_easy_189|bcv_easy_190|bcv_easy_191|bcv_easy_194	769152196|769152197|769152198|769152201
D003404	0.0	D007674	0	11063349.0	0	11063349_6	bcv_easy_623	769152630
D016559	0.0	D008232	0	11063349.0	0	11063349_4	bcv_easy_621	769152628
D016559	0.0	D056486	0	11063349.0	0	11063349_4	bcv_easy_615	769152622
D016559	0.185190782017	D064420	0	11063349.0	1	11063349_4	bcv_easy_620	769152627
D016572	0.198579609393	D007674	1	11063349.0	1	11063349_4	bcv_easy_617	769152624
D016572	0.0	D008232	0	11063349.0	0	11063349_4	bcv_easy_618	769152625
D016572	0.406012731038	D056486	0	11063349.0	2	11063349_4	bcv_easy_616	769152623
D016572	0.201491969247	D064420	0	11063349.0	1	11063349_1|11063349_4	bcv_easy_613|bcv_easy_619	769152620|769152626
D020123	1.0	D011014	0	11063349.0	5	11063349_11	bcv_easy_626	769152633
D020123	0.201292775665	D011020	0	11063349.0	1	11063349_14	bcv_easy_627	769152634
D020123	0.182154332636	D064420	0	11063349.0	1	11063349_1	bcv_easy_612	769152619
D008790	0.0	D017202	0	11079278.0	0	11079278_12	bcv_easy_1187	769153194
D000431	1.0	D012640	0	11185967.0	5	11185967_5	bcv_easy_565	769152572
D000431	0.179897244749	D019970|D019969	0	11185967.0	1	11185967_5	bcv_easy_566	769152573
D000661	0.195653780767	D012640	0	11185967.0	1	11185967_1	bcv_easy_564	769152571
D000662	0.20126216545	D012640	0	11185967.0	1	11185967_8	bcv_easy_568	769152575
D003042	0.414661796196	D012640	0	11185967.0	2	11185967_1	bcv_easy_563	769152570
D014635	0.252051814496	D002493	0	11195262.0	1	11195262_4	bcv_easy_161	769152168
D014635	0.0	D004830	0	11195262.0	0	11195262_2	bcv_easy_160	769152167
D014635	1.0	D007177	1	11195262.0	5	11195262_0|11195262_1|11195262_4	bcv_easy_158|bcv_easy_159|bcv_easy_162	769152165|769152166|769152169
D000109	0.0	D007674	0	11208990.0	0	11208990_10	bcv_easy_32	769152039
D004317	1.0	C537346	0	11208990.0	5	11208990_7	bcv_easy_28	769152035
D004317	1.0	D009395	0	11208990.0	5	11208990_7	bcv_easy_29	769152036
D004317	0.825657693015	D009404	1	11208990.0	5	11208990_2	bcv_easy_26	769152033
D009569	0.388064246023	D007674	0	11208990.0	2	11208990_0	bcv_easy_25	769152032
D009569	0.402891247982	D009401	0	11208990.0	2	11208990_15	bcv_easy_33	769152040
D009573	0.0	D007674	0	11208990.0	0	11208990_9	bcv_easy_30	769152037
D010656	0.0	D007674	0	11208990.0	0	11208990_10	bcv_easy_31	769152038
D003520	0.182483744478	D001943	0	11230490.0	1	11230490_0|11230490_2|11230490_9	bcv_easy_131|bcv_easy_140|bcv_easy_141	769152138|769152147|769152148
D003520	0.189398037246	D009503	1	11230490.0	1	11230490_9	bcv_easy_145	769152152
D003520	0.0	D066126	0	11230490.0	0	11230490_9	bcv_easy_142	769152149
D004317	0.18656754288	D001943	0	11230490.0	1	11230490_0|11230490_1|11230490_2|11230490_9	bcv_easy_130|bcv_easy_134|bcv_easy_137|bcv_easy_146	769152137|769152141|769152144|769152153
D004317	0.252827980757	D009503	1	11230490.0	1	11230490_9	bcv_easy_143	769152150
D004317	0.796574999404	D064420	0	11230490.0	4	11230490_2	bcv_easy_138	769152145
D004317	0.199994962978	D066126	0	11230490.0	1	11230490_0	bcv_easy_132	769152139
D011188	0.176479411985	D003866	0	11302406.0	1	11302406_4	bcv_easy_539	769152546
D015725	0.186995647283	D001145	0	11302406.0	1	11302406_7	bcv_easy_544	769152551
D015725	0.0	D006333	0	11302406.0	0	11302406_2	bcv_easy_536	769152543
D015725	0.798707224335	D008133	0	11302406.0	4	11302406_5|11302406_6	bcv_easy_541|bcv_easy_543	769152548|769152550
D015725	0.385440346607	D009202	0	11302406.0	2	11302406_2	bcv_easy_534	769152541
D015725	0.512035890053	D017180	0	11302406.0	2	11302406_3|11302406_5	bcv_easy_538|bcv_easy_542	769152545|769152549
D015725	0.814809217983	D018879	0	11302406.0	4	11302406_3|11302406_5	bcv_easy_537|bcv_easy_540	769152544|769152547
D010068	1.0	D011693	0	11337188.0	5	11337188_1	bcv_easy_304	769152311
D010068	1.0	D018366	1	11337188.0	5	11337188_0|11337188_10	bcv_easy_301|bcv_easy_305	769152308|769152312
D010068	1.0	D051437	1	11337188.0	5	11337188_1	bcv_easy_302	769152309
C012655	0.199512587307	D000799	1	11694026.0	1	11694026_0|11694026_2|11694026_4|11694026_8	bcv_easy_639|bcv_easy_643|bcv_easy_647|bcv_easy_651	769152646|769152650|769152654|769152658
C012655	0.195816057294	D014581	0	11694026.0	1	11694026_0|11694026_2|11694026_4|11694026_8	bcv_easy_637|bcv_easy_641|bcv_easy_645|bcv_easy_649	769152644|769152648|769152652|769152656
D000082	0.190667190982	D000799	1	11694026.0	1	11694026_0|11694026_2|11694026_4|11694026_8	bcv_easy_638|bcv_easy_642|bcv_easy_646|bcv_easy_650	769152645|769152649|769152653|769152657
D000082	0.396686390533	D014581	0	11694026.0	2	11694026_0|11694026_4|11694026_8	bcv_easy_636|bcv_easy_644|bcv_easy_648	769152643|769152651|769152655
D012254	0.0	D006526	0	11705128.0	0	11705128_0	bcv_easy_169	769152176
D012254	0.0	D019698	0	11705128.0	0	11705128_1	bcv_easy_171	769152178
D016898	0.0	D019698	0	11705128.0	0	11705128_1	bcv_easy_170	769152177
D007530	1.0	D002779|D056486	1	11847945.0	5	11847945_0|11847945_1|11847945_9	bcv_easy_115|bcv_easy_116|bcv_easy_118	769152122|769152123|769152125
C018370	0.0	D000647	0	11860495.0	0	11860495_0|11860495_4|11860495_7|11860495_10	bcv_easy_1227|bcv_easy_1229|bcv_easy_1230|bcv_easy_1231	769153234|769153236|769153237|769153238
D005680	0.601448739744	D000647	0	11860495.0	3	11860495_4	bcv_easy_1228	769153235
D013256	0.203829667086	D000647	0	11860495.0	1	11860495_0	bcv_easy_1226	769153233
D008238	0.183854789848	D001480	0	12013711.0	1	12013711_1	bcv_easy_153	769152160
D008238	1.0	D010468	0	12013711.0	4	12013711_0|12013711_3	bcv_easy_150|bcv_easy_156	769152157|769152163
D008238	0.408755863301	D012559	0	12013711.0	2	12013711_0|12013711_1	bcv_easy_147|bcv_easy_152	769152154|769152159
D018967	0.0	D001480	0	12013711.0	0	12013711_1	bcv_easy_151	769152158
D018967	1.0	D010468	1	12013711.0	5	12013711_0|12013711_2|12013711_4	bcv_easy_149|bcv_easy_155|bcv_easy_157	769152156|769152162|769152164
D018967	0.197076487815	D012559	0	12013711.0	1	12013711_0	bcv_easy_148	769152155
D003975	0.179463343551	D006212	0	12091028.0	1	12091028_5	bcv_easy_991	769152998
D007649	0.0	D006212	1	12091028.0	0	12091028_5	bcv_easy_992	769152999
C059262	0.0	D000257	0	12093990.0	0	12093990_10	bcv_easy_241	769152248
C059262	0.798508030753	D007674	0	12093990.0	4	12093990_10	bcv_easy_240	769152247
D012254	0.213230330758	D000257	0	12093990.0	1	12093990_0|12093990_12|12093990_23|12093990_25|12093990_27	bcv_easy_235|bcv_easy_243|bcv_easy_246|bcv_easy_248|bcv_easy_249	769152242|769152250|769152253|769152255|769152256
D012254	1.0	D000740	0	12093990.0	5	12093990_9	bcv_easy_239	769152246
D012254	0.0	D006482	0	12093990.0	0	12093990_8	bcv_easy_238	769152245
D012254	0.0	D007239	0	12093990.0	0	12093990_23	bcv_easy_247	769152254
D012254	0.0	D018357	0	12093990.0	0	12093990_7	bcv_easy_236	769152243
C095756	0.2	D009127	0	12231232.0	1	12231232_4	bcv_easy_479	769152486
D006220	0.399146935511	D010300	0	12231232.0	2	12231232_2	bcv_easy_478	769152485
D013792	0.0	D002292	0	12448656.0	0	12448656_0|12448656_1|12448656_9	bcv_easy_383|bcv_easy_384|bcv_easy_386	769152390|769152391|769152393
D013792	0.390764834173	D064420	0	12448656.0	2	12448656_1	bcv_easy_385	769152392
C005435	0.0	D002544	0	12600698.0	0	12600698_2	bcv_easy_1262	769153269
C005435	0.613412025463	D015837	0	12600698.0	3	12600698_1|12600698_6	bcv_easy_1261|bcv_easy_1263	769153268|769153270
D007980	1.0	D004421	1	12691807.0	5	12691807_0	bcv_easy_330	769152337
D007980	0.207880902078	D010300	0	12691807.0	1	12691807_1	bcv_easy_333	769152340
D007980	0.801417926644	D013494	0	12691807.0	4	12691807_0	bcv_easy_331	769152338
D007980	0.801417926644	D019578	0	12691807.0	4	12691807_1	bcv_easy_332	769152339
D010665	1.0	D009203	1	12734532.0	5	12734532_0	bcv_easy_598	769152605
D010665	0.0	D062787	0	12734532.0	0	12734532_3	bcv_easy_599	769152606
D001379	0.0	D007674	0	12739036.0	0	12739036_2	bcv_easy_297	769152304
D001379	0.0	D008180	0	12739036.0	0	12739036_2	bcv_easy_298	769152305
D003401	0.0	D008180	0	12739036.0	0	12739036_0	bcv_easy_294	769152301
D003520	0.201491969247	D007674	0	12739036.0	1	12739036_2	bcv_easy_296	769152303
D003520	0.0	D008180	0	12739036.0	0	12739036_2	bcv_easy_295	769152302
D003277	0.757638682883	D054556	1	12851669.0	3	12851669_1|12851669_5|12851669_8	bcv_easy_654|bcv_easy_657|bcv_easy_660	769152661|769152664|769152667
D004997	1.0	D054556	0	12851669.0	5	12851669_0|12851669_1|12851669_8|12851669_9	bcv_easy_652|bcv_easy_655|bcv_easy_661|bcv_easy_663	769152659|769152662|769152668|769152670
D016912	0.597790927022	D054556	0	12851669.0	3	12851669_8	bcv_easy_659	769152666
D017373	0.814809217983	D054556	0	12851669.0	4	12851669_0|12851669_1|12851669_8|12851669_9	bcv_easy_653|bcv_easy_656|bcv_easy_658|bcv_easy_662	769152660|769152663|769152665|769152669
D008774	0.0	D000544	0	12907924.0	0	12907924_1	bcv_easy_399	769152406
D008774	0.205885520435	D061218	0	12907924.0	1	12907924_1	bcv_easy_398	769152405
C102006	0.201491969247	D007674	0	14736955.0	1	14736955_8	bcv_easy_1181	769153188
D004317	0.201491969247	D009401	1	14736955.0	1	14736955_0	bcv_easy_1180	769153187
D013481	0.0	D007674	0	14736955.0	0	14736955_14	bcv_easy_1182	769153189
D004317	0.207689289918	D006333	1	14975762.0	1	14975762_8	bcv_easy_516	769152523
D004317	0.0	D009369	0	14975762.0	0	14975762_1	bcv_easy_515	769152522
D008713	0.0	D006980	0	14982270.0	0	14982270_2	bcv_easy_550	769152557
D008713	1.0	D007565	0	14982270.0	5	14982270_2	bcv_easy_547	769152554
D008713	0.795622068349	D011537	1	14982270.0	4	14982270_2	bcv_easy_546	769152553
D011433	0.0	D002779	0	14982270.0	0	14982270_5	bcv_easy_551	769152558
D011433	0.202809347465	D006980	0	14982270.0	1	14982270_2	bcv_easy_548	769152555
D011433	1.0	D007565	0	14982270.0	5	14982270_2	bcv_easy_545	769152552
D011433	1.0	D011537	0	14982270.0	5	14982270_2	bcv_easy_549	769152556
D004317	0.574528565265	C535648	0	15042318.0	3	15042318_1	bcv_easy_1152	769153159
D004317	1.0	D001281	1	15042318.0	4	15042318_1	bcv_easy_1151	769153158
D004317	0.7523800272	D009136	0	15042318.0	3	15042318_1	bcv_easy_1154	769153161
D004317	0.597016061506	D009223	0	15042318.0	3	15042318_1	bcv_easy_1153	769153160
D011692	0.403698236345	D011507	1	15075188.0	2	15075188_5	bcv_easy_1093	769153100
D011692	1.0	D034141	1	15075188.0	5	15075188_5	bcv_easy_1094	769153101
D012964	0.0	D001201	0	15075188.0	0	15075188_5	bcv_easy_1098	769153105
D012964	0.0	D009404	0	15075188.0	0	15075188_12	bcv_easy_1099	769153106
D012964	0.0	D011507	0	15075188.0	0	15075188_5	bcv_easy_1096	769153103
D012964	0.0	D034141	0	15075188.0	0	15075188_5	bcv_easy_1097	769153104
D007980	0.0	D009127	0	15096016.0	0	15096016_6	bcv_easy_843	769152850
D007980	0.0	D018476	0	15096016.0	0	15096016_6	bcv_easy_842	769152849
D011692	0.818838080221	D000860	1	15579441.0	4	15579441_4|15579441_5	bcv_easy_0|bcv_easy_1	769152007|769152008
D009020	0.364967488956	D001157	0	15673851.0	2	15673851_1	bcv_easy_84	769152091
D009020	0.244594250827	D020760	0	15673851.0	1	15673851_0	bcv_easy_81	769152088
D016202	0.178574897999	D001157	0	15673851.0	1	15673851_1	bcv_easy_83	769152090
D016202	0.192855061201	D020258	0	15673851.0	1	15673851_10	bcv_easy_89	769152096
D016291	0.189398037246	D020336	0	15673851.0	1	15673851_5|15673851_8	bcv_easy_85|bcv_easy_86	769152092|769152093
D018698	0.0	D020336	0	15673851.0	0	15673851_9	bcv_easy_88	769152095
D003907	1.0	D009422	1	15814210.0	5	15814210_0|15814210_1|15814210_11	bcv_easy_1257|bcv_easy_1258|bcv_easy_1259	769153264|769153265|769153266
D006514	0.0	D006509	1	15867025.0	0	15867025_3|15867025_6	bcv_easy_1065|bcv_easy_1066	769153072|769153073
D006514	0.0	D012409	0	15867025.0	0	15867025_3	bcv_easy_1064	769153071
D015742	0.0	D008305	0	15893386.0	0	15893386_4	bcv_easy_1225	769153232
D003630	0.60378649635	D001855	0	15897593.0	3	15897593_0|15897593_1|15897593_5	bcv_easy_955|bcv_easy_962|bcv_easy_977	769152962|769152969|769152984
D003630	0.0	D006402	1	15897593.0	0	15897593_3	bcv_easy_969	769152976
D003630	0.802484829588	D015431	1	15897593.0	4	15897593_5	bcv_easy_983	769152990
D003630	0.0	D064420	0	15897593.0	0	15897593_5	bcv_easy_982	769152989
D003630	1.0	D066126	0	15897593.0	5	15897593_1	bcv_easy_959	769152966
D004317	0.620606247748	D001855	0	15897593.0	3	15897593_0|15897593_1|15897593_5	bcv_easy_958|bcv_easy_966|bcv_easy_980	769152965|769152973|769152987
D004317	0.79856167902	D064420	0	15897593.0	4	15897593_5	bcv_easy_974	769152981
D004317	0.8029186211	D066126	0	15897593.0	4	15897593_1	bcv_easy_964	769152971
D005047	0.791723697418	D001855	0	15897593.0	4	15897593_0|15897593_1	bcv_easy_956|bcv_easy_965	769152963|769152972
D005047	0.269079114729	D006402	1	15897593.0	1	15897593_3|15897593_8	bcv_easy_970|bcv_easy_987	769152977|769152994
D005047	0.0	D064420	0	15897593.0	0	15897593_5	bcv_easy_973	769152980
D005047	0.594205041023	D066126	0	15897593.0	3	15897593_1	bcv_easy_967	769152974
D011034	0.786769669242	D066126	0	15897593.0	4	15897593_1	bcv_easy_963	769152970
D018943	0.812648922687	D001855	0	15897593.0	4	15897593_1	bcv_easy_960	769152967
D064730	0.201292775665	D001855	0	15897593.0	1	15897593_0	bcv_easy_957	769152964
D064730	1.0	D006402	0	15897593.0	5	15897593_3	bcv_easy_972	769152979
D064730	0.0	D009362	0	15897593.0	0	15897593_8	bcv_easy_985	769152992
D064730	0.0	D015431	0	15897593.0	0	15897593_5	bcv_easy_976	769152983
D064730	0.0	D064420	0	15897593.0	0	15897593_5	bcv_easy_981	769152988
D064730	0.378975930858	D066126	0	15897593.0	2	15897593_2	bcv_easy_968	769152975
D002211	0.408755863301	D010146	0	15974569.0	2	15974569_2	bcv_easy_417	769152424
D002351	0.592027451267	D010146	0	15974569.0	3	15974569_2	bcv_easy_418	769152425
D005557	0.0	D006930	0	15974569.0	0	15974569_2	bcv_easy_419	769152426
D005557	0.21014117821	D010146	0	15974569.0	1	15974569_2	bcv_easy_420	769152427
D007608	0.208691184027	D010146	0	15974569.0	1	15974569_0	bcv_easy_416	769152423
D001418	0.204055933048	D006606	1	15985056.0	1	15985056_4	bcv_easy_820	769152827
D003907	1.0	D006606	0	15985056.0	4	15985056_7	bcv_easy_823	769152830
D008775	0.791740427899	D006606	0	15985056.0	4	15985056_7	bcv_easy_821	769152828
D008874	0.603326839502	D006606	0	15985056.0	3	15985056_7	bcv_easy_824	769152831
D017963	1.0	D006606	1	15985056.0	5	15985056_0|15985056_2|15985056_4|15985056_10	bcv_easy_815|bcv_easy_817|bcv_easy_819|bcv_easy_827	769152822|769152824|769152826|769152834
D018942	1.0	D006606	0	15985056.0	4	15985056_8|15985056_9|15985056_12	bcv_easy_825|bcv_easy_826|bcv_easy_828	769152832|769152833|769152835
C019248	0.39694775364	D006934	0	16006300.0	2	16006300_11	bcv_easy_710	769152717
C019248	1.0	D006996	1	16006300.0	5	16006300_6|16006300_11	bcv_easy_707|bcv_easy_709	769152714|769152716
C097949	0.0	D000471	0	16006300.0	0	16006300_3	bcv_easy_706	769152713
C097949	0.0	D058186	0	16006300.0	0	16006300_3	bcv_easy_705	769152712
D002118	0.6	D006934	0	16006300.0	3	16006300_2	bcv_easy_704	769152711
D002118	0.0	D006996	0	16006300.0	0	16006300_6	bcv_easy_708	769152715
D014859	0.825691207692	D012871	0	16047871.0	4	16047871_4|16047871_5	bcv_easy_1183|bcv_easy_1185	769153190|769153192
D014859	1.0	D018366	1	16047871.0	5	16047871_5	bcv_easy_1184	769153191
C047781	0.597016061506	C562694	0	16157917.0	3	16157917_0|16157917_1	bcv_easy_1004|bcv_easy_1006	769153011|769153013
C047781	1.0	D009207	1	16157917.0	5	16157917_0|16157917_2|16157917_3|16157917_4	bcv_easy_1005|bcv_easy_1008|bcv_easy_1009|bcv_easy_1010	769153012|769153015|769153016|769153017
D011441	0.388268665261	D006111	0	16418614.0	2	16418614_0	bcv_easy_91	769152098
D011441	0.0	D014424	0	16418614.0	0	16418614_0	bcv_easy_92	769152099
D011441	1.0	D014657	1	16418614.0	5	16418614_0|16418614_4	bcv_easy_93|bcv_easy_94	769152100|769152101
C004742	0.388483929358	D000647	0	16428827.0	2	16428827_0|16428827_5|16428827_8	bcv_easy_62|bcv_easy_66|bcv_easy_67	769152069|769152073|769152074
C004742	0.374101071376	D007859|D008569	0	16428827.0	2	16428827_4	bcv_easy_65	769152072
D000109	0.213230330758	D000544	0	16428827.0	1	16428827_1	bcv_easy_64	769152071
D002794	0.178574897999	D000647	0	16428827.0	1	16428827_0	bcv_easy_61	769152068
D012701	0.413899052444	D020258	0	16574713.0	2	16574713_1	bcv_easy_315	769152322
D018817	1.0	D008569	1	16574713.0	5	16574713_8|16574713_10	bcv_easy_316|bcv_easy_317	769152323|769152324
C109794	0.0	D002318	0	16586083.0	0	16586083_6	bcv_easy_1150	769153157
D016861	1.0	D006333	1	16586083.0	5	16586083_1	bcv_easy_1146	769153153
D016861	1.0	D006973	1	16586083.0	5	16586083_1	bcv_easy_1148	769153155
D016861	0.785708901786	D009203	1	16586083.0	4	16586083_1	bcv_easy_1149	769153156
D016861	0.791370074118	D020521	1	16586083.0	4	16586083_1	bcv_easy_1147	769153154
D004977	0.813427723224	D009901	1	16710500.0	4	16710500_3	bcv_easy_340	769152347
D004977	0.0	D014376	0	16710500.0	0	16710500_1	bcv_easy_338	769152345
D004977	0.803156708005	D014786	1	16710500.0	4	16710500_1	bcv_easy_339	769152346
C065179	0.189398037246	D006973	0	16820346.0	1	16820346_0|16820346_1|16820346_4|16820346_7	bcv_easy_69|bcv_easy_70|bcv_easy_72|bcv_easy_73	769152076|769152077|769152079|769152080
D013481	0.0	D006973	0	16820346.0	0	16820346_4	bcv_easy_71	769152078
C044946	0.604440749254	D006973	0	17285209.0	3	17285209_1	bcv_easy_1175	769153182
D000809	0.0	D007410|D000799	0	17285209.0	0	17285209_10	bcv_easy_1176	769153183
D017311	0.800231440718	D006973	0	17285209.0	4	17285209_1	bcv_easy_1174	769153181
C092292	1.0	D009459	1	17366349.0	5	17366349_0|17366349_3|17366349_4|17366349_5	bcv_easy_52|bcv_easy_54|bcv_easy_55|bcv_easy_57	769152059|769152061|769152062|769152064
D007501	1.0	D009410	0	17490790.0	5	17490790_2|17490790_6	bcv_easy_775|bcv_easy_777	769152782|769152784
D007501	0.59854068945	D010300	0	17490790.0	3	17490790_1	bcv_easy_774	769152781
D014443	0.0	D009410	0	17490790.0	0	17490790_2	bcv_easy_776	769152783
D010634	0.189207966651	D001996	0	17574447.0	1	17574447_2	bcv_easy_1206	769153213
D010634	0.0	D004827	0	17574447.0	0	17574447_2	bcv_easy_1205	769153212
D010634	0.583844301566	D006323	0	17574447.0	3	17574447_2	bcv_easy_1207	769153214
D010634	1.0	D008107	1	17574447.0	5	17574447_1|17574447_5	bcv_easy_1204|bcv_easy_1208	769153211|769153215
D010634	0.419701943619	D056487	0	17574447.0	2	17574447_6	bcv_easy_1209	769153216
C017367	0.816886752719	D056784	1	17682013.0	4	17682013_6	bcv_easy_782	769152789
D005472	1.0	D056784	1	17682013.0	5	17682013_6	bcv_easy_783	769152790
D008727	1.0	D002544	0	17682013.0	4	17682013_1	bcv_easy_778	769152785
D008727	0.0	D007938	0	17682013.0	0	17682013_1	bcv_easy_780	769152787
D008727	1.0	D056784	1	17682013.0	5	17682013_1|17682013_6	bcv_easy_779|bcv_easy_781	769152786|769152788
D004221	0.18615661156	D000437	0	17786501.0	1	17786501_1|17786501_8	bcv_easy_204|bcv_easy_205	769152211|769152212
D004221	1.0	D009901|D010523	1	17786501.0	5	17786501_0|17786501_1	bcv_easy_202|bcv_easy_203	769152209|769152210
D015215	1.0	D002311	1	17943461.0	5	17943461_3|17943461_6	bcv_easy_502|bcv_easy_503	769152509|769152510
C422649	0.208836291913	D001172	0	17965424.0	1	17965424_0|17965424_1|17965424_2	bcv_easy_923|bcv_easy_925|bcv_easy_927	769152930|769152932|769152934
C422649	0.588242438965	D004487	1	17965424.0	3	17965424_9	bcv_easy_933	769152940
C422649	0.0	D005767	0	17965424.0	0	17965424_8|17965424_11	bcv_easy_930|bcv_easy_936	769152937|769152943
C422649	0.398819503457	D006973	1	17965424.0	2	17965424_9	bcv_easy_932	769152939
D004008	0.0	D001172	0	17965424.0	0	17965424_0|17965424_1|17965424_2	bcv_easy_924|bcv_easy_926|bcv_easy_928	769152931|769152933|769152935
D004008	0.218093947375	D004487	0	17965424.0	1	17965424_9	bcv_easy_931	769152938
D004008	0.178147446129	D005767	1	17965424.0	1	17965424_8|17965424_11	bcv_easy_929|bcv_easy_935	769152936|769152942
D004008	0.218253771952	D006973	0	17965424.0	1	17965424_9	bcv_easy_934	769152941
C071741	0.0	D010146	0	18006530.0	0	18006530_2|18006530_3|18006530_6	bcv_easy_6|bcv_easy_7|bcv_easy_9	769152013|769152014|769152016
D015742	0.80915673908	D010146	1	18006530.0	4	18006530_11|18006530_0|18006530_1|18006530_2|18006530_6	bcv_easy_10|bcv_easy_2|bcv_easy_4|bcv_easy_5|bcv_easy_8	769152017|769152009|769152011|769152012|769152015
D020927	0.597790927022	D009203	0	18086064.0	3	18086064_6	bcv_easy_1024	769153031
D020927	0.613126333603	D017202	0	18086064.0	3	18086064_6	bcv_easy_1025	769153032
C084178	0.0	D006973	0	18201582.0	0	18201582_0|18201582_1	bcv_easy_887|bcv_easy_889	769152894|769152896
D017311	0.201491969247	D006973	0	18201582.0	1	18201582_0|18201582_1	bcv_easy_886|bcv_easy_888	769152893|769152895
D000583	0.41102661597	D006402|D009369	0	18356633.0	2	18356633_4	bcv_easy_700	769152707
D000583	0.0	D007239	0	18356633.0	0	18356633_1	bcv_easy_697	769152704
D000583	1.0	D007674	1	18356633.0	5	18356633_0|18356633_3|18356633_5	bcv_easy_693|bcv_easy_698|bcv_easy_702	769152700|769152705|769152709
D000583	0.201486856795	D009503	0	18356633.0	1	18356633_1	bcv_easy_694	769152701
D000617	0.0	D006402|D009369	0	18356633.0	0	18356633_4	bcv_easy_699	769152706
D000617	0.0	D009503	0	18356633.0	0	18356633_1	bcv_easy_695	769152702
D008094	1.0	D012804	1	18441470.0	5	18441470_1	bcv_easy_530	769152537
D008094	0.794114479565	D013575	0	18441470.0	4	18441470_2|18441470_3	bcv_easy_532|bcv_easy_533	769152539|769152540
D008094	1.0	D054537	1	18441470.0	5	18441470_0|18441470_2	bcv_easy_529|bcv_easy_531	769152536|769152538
D003520	0.220467927674	D001745	0	18483878.0	1	18483878_9	bcv_easy_692	769152699
D006493	0.195437093916	D013927	0	18589141.0	1	18589141_1	bcv_easy_491	769152498
D006495	0.201491969247	D013927	0	18589141.0	1	18589141_1	bcv_easy_490	769152497
D000244	0.0	D009765	0	18674790.0	0	18674790_7	bcv_easy_879	769152886
D000255	0.0	D009765	0	18674790.0	0	18674790_7|18674790_9	bcv_easy_881|bcv_easy_884	769152888|769152891
D000255	0.407689289918	D066126	0	18674790.0	2	18674790_9	bcv_easy_885	769152892
D004041	0.801420390607	D009765	1	18674790.0	4	18674790_0|18674790_4	bcv_easy_868|bcv_easy_871	769152875|769152878
D004041	0.188448900295	D066126	0	18674790.0	1	18674790_0|18674790_4	bcv_easy_870|bcv_easy_873	769152877|769152880
D004317	1.0	D006331	1	18674790.0	5	18674790_5	bcv_easy_875	769152882
D004317	0.596301763655	D007674|D056486	0	18674790.0	3	18674790_5	bcv_easy_876	769152883
D004317	0.384771350401	D009765	0	18674790.0	2	18674790_0|18674790_4|18674790_5|18674790_6|18674790_7|18674790_9	bcv_easy_869|bcv_easy_872|bcv_easy_874|bcv_easy_878|bcv_easy_880|bcv_easy_883	769152876|769152879|769152881|769152885|769152887|769152890
D002110	0.402438117892	D001145	0	18997632.0	2	18997632_3	bcv_easy_123	769152130
D002110	0.0	D006331	0	18997632.0	0	18997632_3	bcv_easy_124	769152131
D002110	0.0	D012640	1	18997632.0	0	18997632_2	bcv_easy_121	769152128
D002110	1.0	D017180	1	18997632.0	5	18997632_0|18997632_3	bcv_easy_119|bcv_easy_122	769152126|769152129
D002110	0.814813882033	D018879	1	18997632.0	4	18997632_2	bcv_easy_120	769152127
D014635	0.0	D006423	0	19234905.0	0	19234905_10	bcv_easy_201	769152208
C400082	0.0	D009101	0	19274460.0	0	19274460_0|19274460_1|19274460_8	bcv_easy_572|bcv_easy_575|bcv_easy_578	769152579|769152582|769152585
D003520	0.198049680766	D009101	0	19274460.0	1	19274460_0|19274460_1|19274460_8	bcv_easy_573|bcv_easy_576|bcv_easy_579	769152580|769152583|769152586
D003907	0.205901418311	D009101	0	19274460.0	1	19274460_0|19274460_1|19274460_8	bcv_easy_574|bcv_easy_577|bcv_easy_580	769152581|769152584|769152587
D011718	1.0	D000857	1	19674115.0	5	19674115_0|19674115_3	bcv_easy_665|bcv_easy_668	769152672|769152675
D011718	1.0	D033461	0	19674115.0	5	19674115_1	bcv_easy_666	769152673
D011718	1.0	D056486	0	19674115.0	5	19674115_1	bcv_easy_667	769152674
D000157	0.751430243141	D001145	1	19721134.0	3	19721134_6	bcv_easy_40	769152047
D010042	1.0	D001145	1	19721134.0	5	19721134_1|19721134_6	bcv_easy_34|bcv_easy_39	769152041|769152046
D010862	0.18881069	D001145	0	19721134.0	1	19721134_3|19721134_6	bcv_easy_38|bcv_easy_41	769152045|769152048
D010862	0.0	D017180|D014693	0	19721134.0	0	19721134_3	bcv_easy_37	769152044
D005839	1.0	D058186	1	19893084.0	5	19893084_1	bcv_easy_324	769152331
C507346	0.408204179197	D002375	0	19940105.0	2	19940105_4|19940105_7	bcv_easy_1235|bcv_easy_1240	769153242|769153247
C507346	0.0	D010300	0	19940105.0	0	19940105_3|19940105_6|19940105_8	bcv_easy_1234|bcv_easy_1239|bcv_easy_1241	769153241|769153246|769153248
C507346	0.0	D018476	0	19940105.0	0	19940105_6	bcv_easy_1238	769153245
D018698	0.195648960284	D010300	0	19940105.0	1	19940105_0|19940105_1	bcv_easy_1232|bcv_easy_1233	769153239|769153240
D008094	0.6	D004827	0	19944736.0	3	19944736_8	bcv_easy_634	769152641
D013619	1.0	D001930	1	19944736.0	5	19944736_3|19944736_6	bcv_easy_630|bcv_easy_633	769152637|769152640
D013619	1.0	D004827	0	19944736.0	5	19944736_5|19944736_8	bcv_easy_632|bcv_easy_635	769152639|769152642
D013619	1.0	D012640	1	19944736.0	5	19944736_3	bcv_easy_629	769152636
D018021	0.391147912662	D012640	1	19944736.0	2	19944736_3	bcv_easy_628	769152635
D005839	0.395825462788	D058186	1	20164825.0	2	20164825_4	bcv_easy_270	769152277
D005839	0.395791055994	D064420	0	20164825.0	2	20164825_2	bcv_easy_269	769152276
D008687	0.19749309856	D007674	0	20164825.0	1	20164825_0|20164825_7|20164825_10	bcv_easy_267|bcv_easy_272|bcv_easy_273	769152274|769152279|769152280
D008687	0.0	D014652	0	20164825.0	0	20164825_1	bcv_easy_268	769152275
D008687	0.0	D058186	0	20164825.0	0	20164825_4	bcv_easy_271	769152278
D004298	0.206904349137	D009461	0	20533999.0	1	20533999_5	bcv_easy_1270	769153277
D004298	0.211903659101	D020258	0	20533999.0	1	20533999_0|20533999_6	bcv_easy_1264|bcv_easy_1271	769153271|769153278
D004298	0.590807203772	D064420	0	20533999.0	3	20533999_1	bcv_easy_1265	769153272
D007980	0.395022934036	D020258	0	20533999.0	2	20533999_3	bcv_easy_1266	769153273
D019805	0.181614695894	D020258	0	20533999.0	1	20533999_3	bcv_easy_1268	769153275
D000420	1.0	D013610	0	20552622.0	5	20552622_11	bcv_easy_46	769152053
D000420	1.0	D013617	1	20552622.0	5	20552622_0|20552622_10	bcv_easy_42|bcv_easy_45	769152049|769152052
D001262	0.0	D001145	0	20552622.0	0	20552622_3|20552622_5	bcv_easy_43|bcv_easy_44	769152050|769152051
D001262	0.2196893594	D013610	0	20552622.0	1	20552622_11	bcv_easy_47	769152054
D007649	0.798508030753	D011605	1	20727411.0	4	20727411_7	bcv_easy_225	769152232
D007649	0.80262636158	D012559	0	20727411.0	4	20727411_3|20727411_10	bcv_easy_223|bcv_easy_226	769152230|769152233
D007649	0.774645009705	D018754	0	20727411.0	4	20727411_3	bcv_easy_224	769152231
D016202	0.805392453724	D012559	0	20727411.0	4	20727411_1|20727411_2	bcv_easy_220|bcv_easy_221	769152227|769152228
D000082	0.395685037059	D008107	0	20735774.0	2	20735774_6	bcv_easy_526	769152533
